objective,acquisition,error_model,jitter_std,jitter_iteration,oracle_model,cohens_d_true,cohens_d_obs,n,interpretation_true,interpretation_obs
composite,ei,bias,0.05,10,extra_trees,-0.16996926584011407,-0.04662502040767647,10,negligible,negligible
composite,ei,bias,0.05,20,extra_trees,-0.0838485065071606,0.018529749072021706,10,negligible,negligible
composite,ei,bias,0.05,40,extra_trees,-0.07700894961063488,0.03554864123078115,10,negligible,negligible
composite,ei,bias,0.5,10,extra_trees,-0.04357279348236117,0.04858532834444958,10,negligible,negligible
composite,ei,bias,0.5,20,extra_trees,-0.15074932349040532,0.08179828882007181,10,negligible,negligible
composite,ei,bias,0.5,40,extra_trees,-0.22252956610514102,-0.2193337023280566,10,SMALL,SMALL
composite,ei,bias,1.0,10,extra_trees,-0.2647695539232068,-0.3375401098928262,10,SMALL,SMALL
composite,ei,bias,1.0,20,extra_trees,-0.23380141929044643,-0.14671843982306856,10,SMALL,negligible
composite,ei,bias,1.0,40,extra_trees,-0.3186077514447298,-0.12648950616967053,10,SMALL,negligible
composite,ei,bias,5.0,10,extra_trees,-0.35488981122822083,0.28450914436798125,10,SMALL,SMALL
composite,ei,bias,5.0,20,extra_trees,-0.2822461833262132,-0.7363102072860138,10,SMALL,MEDIUM
composite,ei,bias,5.0,40,extra_trees,-0.17342352479998957,0.4519934266589622,10,negligible,SMALL
composite,ei,gaussian,0.05,10,extra_trees,-0.10734624726152335,-0.09801157846431986,10,negligible,negligible
composite,ei,gaussian,0.05,20,extra_trees,0.04242461940539274,0.02396822044081539,10,negligible,negligible
composite,ei,gaussian,0.05,40,extra_trees,-0.09553619567482599,-0.07297563592199413,10,negligible,negligible
composite,ei,gaussian,0.5,10,extra_trees,-0.16915808561828838,-0.12289224172637495,10,negligible,negligible
composite,ei,gaussian,0.5,20,extra_trees,-0.11137670296672678,-0.0800903036143965,10,negligible,negligible
composite,ei,gaussian,0.5,40,extra_trees,0.07711998848540458,0.3227154795118744,10,negligible,SMALL
composite,ei,gaussian,1.0,10,extra_trees,-0.16403580871051995,-0.13448124391542166,10,negligible,negligible
composite,ei,gaussian,1.0,20,extra_trees,-0.19169865479286843,0.2970390098748577,10,negligible,SMALL
composite,ei,gaussian,1.0,40,extra_trees,-0.04396817548236684,-0.033595190947298556,10,negligible,negligible
composite,ei,gaussian,5.0,10,extra_trees,-0.3469282060578219,-1.1369603925147902,10,SMALL,LARGE
composite,ei,gaussian,5.0,20,extra_trees,-0.19760349493031074,0.053365568580915644,10,negligible,negligible
composite,ei,gaussian,5.0,40,extra_trees,-0.21084401302544795,-0.13693434444923722,10,SMALL,negligible
composite,greedy,bias,0.05,10,extra_trees,-0.0394990060518427,0.05893721371176961,10,negligible,negligible
composite,greedy,bias,0.05,20,extra_trees,-0.011604695860411619,0.10327559853470732,10,negligible,negligible
composite,greedy,bias,0.05,40,extra_trees,-0.011355158020759298,0.08591936091604506,10,negligible,negligible
composite,greedy,bias,0.5,10,extra_trees,-0.14423961990919357,0.006200767687962775,10,negligible,negligible
composite,greedy,bias,0.5,20,extra_trees,-0.07961345838350979,0.12647507129999633,10,negligible,negligible
composite,greedy,bias,0.5,40,extra_trees,0.020054002533128022,-0.08868432094223515,10,negligible,negligible
composite,greedy,bias,1.0,10,extra_trees,-0.12831828932772088,-0.16616182770701202,10,negligible,negligible
composite,greedy,bias,1.0,20,extra_trees,-0.13187796055846232,-0.4366689292118697,10,negligible,SMALL
composite,greedy,bias,1.0,40,extra_trees,0.02113360946705299,0.11966607508007926,10,negligible,negligible
composite,greedy,bias,5.0,10,extra_trees,-0.2699406330922682,1.4552531948253948,10,SMALL,LARGE
composite,greedy,bias,5.0,20,extra_trees,-0.187282369141891,0.010357037144333548,10,negligible,negligible
composite,greedy,bias,5.0,40,extra_trees,-0.1128322908445607,-2.1289900261314014,10,negligible,LARGE
composite,greedy,gaussian,0.05,10,extra_trees,0.027499052368370892,0.019648758066284407,10,negligible,negligible
composite,greedy,gaussian,0.05,20,extra_trees,-0.0603262911204587,-0.06651432284290876,10,negligible,negligible
composite,greedy,gaussian,0.05,40,extra_trees,-0.020824499456272034,-0.0041474290241911935,10,negligible,negligible
composite,greedy,gaussian,0.5,10,extra_trees,-0.1174060701881186,-0.1399825914405781,10,negligible,negligible
composite,greedy,gaussian,0.5,20,extra_trees,-0.1349281743005026,-0.21133036094808794,10,negligible,SMALL
composite,greedy,gaussian,0.5,40,extra_trees,0.034289255585608844,0.07266830407752338,10,negligible,negligible
composite,greedy,gaussian,1.0,10,extra_trees,-0.1589521898952154,-0.08457021629991526,10,negligible,negligible
composite,greedy,gaussian,1.0,20,extra_trees,-0.08146265497260329,-0.12139601247985264,10,negligible,negligible
composite,greedy,gaussian,1.0,40,extra_trees,0.03145423918871779,-0.23606775900782942,10,negligible,SMALL
composite,greedy,gaussian,5.0,10,extra_trees,-0.22655142747079904,-0.8241364361059991,10,SMALL,LARGE
composite,greedy,gaussian,5.0,20,extra_trees,-0.2547878404807756,0.616555983174648,10,SMALL,MEDIUM
composite,greedy,gaussian,5.0,40,extra_trees,-0.05503231077100979,0.014247048162051074,10,negligible,negligible
composite,logei,bias,0.05,10,extra_trees,0.1773059371011072,0.3219106738823621,10,negligible,SMALL
composite,logei,bias,0.05,20,extra_trees,-0.07533932938291261,0.039128211924761826,10,negligible,negligible
composite,logei,bias,0.05,40,extra_trees,-0.024581589496064402,0.11344080394287531,10,negligible,negligible
composite,logei,bias,0.5,10,extra_trees,-0.05799569913336556,-0.032115027631346264,10,negligible,negligible
composite,logei,bias,0.5,20,extra_trees,-0.09197501062271007,0.13367257544471528,10,negligible,negligible
composite,logei,bias,0.5,40,extra_trees,0.06770285256253093,0.10692790291557906,10,negligible,negligible
composite,logei,bias,1.0,10,extra_trees,-0.238572630156378,0.14625441759508703,10,SMALL,negligible
composite,logei,bias,1.0,20,extra_trees,-0.17684544827560011,-0.3357070101747167,10,negligible,SMALL
composite,logei,bias,1.0,40,extra_trees,-0.14183644525639513,-0.448770903331967,10,negligible,SMALL
composite,logei,bias,5.0,10,extra_trees,-0.1912808104882231,0.7420424124780101,10,negligible,MEDIUM
composite,logei,bias,5.0,20,extra_trees,-0.3815836319280617,-1.2348775707073287,10,SMALL,LARGE
composite,logei,bias,5.0,40,extra_trees,-0.12010566363341081,0.9800426551412493,10,negligible,LARGE
composite,logei,gaussian,0.05,10,extra_trees,0.08020698300881506,0.0641579278438021,10,negligible,negligible
composite,logei,gaussian,0.05,20,extra_trees,0.06737186135864603,0.051728261036614036,10,negligible,negligible
composite,logei,gaussian,0.05,40,extra_trees,-0.048020573572780015,-0.053624880096123116,10,negligible,negligible
composite,logei,gaussian,0.5,10,extra_trees,-0.13591612146128218,-0.2852508144616173,10,negligible,SMALL
composite,logei,gaussian,0.5,20,extra_trees,-0.0008625629830578424,0.07876760547657109,10,negligible,negligible
composite,logei,gaussian,0.5,40,extra_trees,0.09872962115949321,0.21346847130981733,10,negligible,SMALL
composite,logei,gaussian,1.0,10,extra_trees,-0.18940818986683614,-0.06551196144249286,10,negligible,negligible
composite,logei,gaussian,1.0,20,extra_trees,-0.14214085933722045,0.34323471028765357,10,negligible,SMALL
composite,logei,gaussian,1.0,40,extra_trees,-0.2357483767054205,-0.06712360423384536,10,SMALL,negligible
composite,logei,gaussian,5.0,10,extra_trees,-0.3476988383186761,-0.14888128050587524,10,SMALL,negligible
composite,logei,gaussian,5.0,20,extra_trees,-0.25467976665258923,0.6892928853373007,10,SMALL,MEDIUM
composite,logei,gaussian,5.0,40,extra_trees,-0.10422524303460366,-1.6256135019726623,10,negligible,LARGE
composite,logpi,bias,0.05,10,extra_trees,0.02133069917805485,0.11429657848558858,10,negligible,negligible
composite,logpi,bias,0.05,20,extra_trees,0.05493998448349036,0.1783572676984465,10,negligible,negligible
composite,logpi,bias,0.05,40,extra_trees,0.06413507553353757,0.21731432218066393,10,negligible,SMALL
composite,logpi,bias,0.5,10,extra_trees,-0.024994146840821633,-0.0020002927201935266,10,negligible,negligible
composite,logpi,bias,0.5,20,extra_trees,-0.0013728385655239436,0.20716231982830688,10,negligible,SMALL
composite,logpi,bias,0.5,40,extra_trees,-0.0379681903128852,0.20580090786274383,10,negligible,SMALL
composite,logpi,bias,1.0,10,extra_trees,-0.13878313435421985,-0.25690454679195107,10,negligible,SMALL
composite,logpi,bias,1.0,20,extra_trees,-0.12265036325649994,-0.44161529321742643,10,negligible,SMALL
composite,logpi,bias,1.0,40,extra_trees,-0.03234263346368392,0.004516169530371386,10,negligible,negligible
composite,logpi,bias,5.0,10,extra_trees,-0.4090189942053554,-0.2885594735829542,10,SMALL,SMALL
composite,logpi,bias,5.0,20,extra_trees,-0.19942245866563396,0.16157471602962933,10,negligible,negligible
composite,logpi,bias,5.0,40,extra_trees,-0.15967290342506754,-0.8038357733680281,10,negligible,LARGE
composite,logpi,gaussian,0.05,10,extra_trees,-0.023722405598385732,-0.007952568974941761,10,negligible,negligible
composite,logpi,gaussian,0.05,20,extra_trees,0.116058880203191,0.12642052087158417,10,negligible,negligible
composite,logpi,gaussian,0.05,40,extra_trees,-0.020004039597632483,-0.0022282100932168878,10,negligible,negligible
composite,logpi,gaussian,0.5,10,extra_trees,-0.1348874202854233,-0.0022893027129855547,10,negligible,negligible
composite,logpi,gaussian,0.5,20,extra_trees,-0.04631972213113488,-0.09660157224637947,10,negligible,negligible
composite,logpi,gaussian,0.5,40,extra_trees,-0.07109836746096614,-0.357446210645147,10,negligible,SMALL
composite,logpi,gaussian,1.0,10,extra_trees,-0.2945820751223964,-0.3734536346986718,10,SMALL,SMALL
composite,logpi,gaussian,1.0,20,extra_trees,-0.1396439063666489,0.1302480902861226,10,negligible,negligible
composite,logpi,gaussian,1.0,40,extra_trees,0.039773108532203755,-0.16652964174774143,10,negligible,negligible
composite,logpi,gaussian,5.0,10,extra_trees,-0.2676549918644214,-0.699324983926613,10,SMALL,MEDIUM
composite,logpi,gaussian,5.0,20,extra_trees,-0.21468799319628257,-0.10415046827020906,10,SMALL,negligible
composite,logpi,gaussian,5.0,40,extra_trees,-0.16555416579592414,0.5046817769849694,10,negligible,MEDIUM
composite,pi,bias,0.05,10,extra_trees,-0.09967534351461313,-0.0012509552132567105,10,negligible,negligible
composite,pi,bias,0.05,20,extra_trees,0.03543202498542808,0.1779198944756503,10,negligible,negligible
composite,pi,bias,0.05,40,extra_trees,-0.058264696685973345,0.05116202224162079,10,negligible,negligible
composite,pi,bias,0.5,10,extra_trees,-0.2539748797668933,-0.006446812410452594,10,SMALL,negligible
composite,pi,bias,0.5,20,extra_trees,-0.2997172212284017,-0.309677640867095,10,SMALL,SMALL
composite,pi,bias,0.5,40,extra_trees,-0.09893667852331552,0.037055790259441036,10,negligible,negligible
composite,pi,bias,1.0,10,extra_trees,-0.34834181574676637,0.045021473753261994,10,SMALL,negligible
composite,pi,bias,1.0,20,extra_trees,-0.13270263891768105,0.2456126806546464,10,negligible,SMALL
composite,pi,bias,1.0,40,extra_trees,-0.20865924399017033,-0.3590141206485201,10,SMALL,SMALL
composite,pi,bias,5.0,10,extra_trees,-0.4804165974136798,0.28275953924011704,10,SMALL,SMALL
composite,pi,bias,5.0,20,extra_trees,-0.2645981027660101,-1.5573812357424826,10,SMALL,LARGE
composite,pi,bias,5.0,40,extra_trees,-0.41653272277078585,-0.6083677028949096,10,SMALL,MEDIUM
composite,pi,gaussian,0.05,10,extra_trees,0.01433627213063015,-0.022155708546762062,10,negligible,negligible
composite,pi,gaussian,0.05,20,extra_trees,-0.05214406086149231,-0.03230728722849823,10,negligible,negligible
composite,pi,gaussian,0.05,40,extra_trees,-0.0538312075609759,-0.08419016650299752,10,negligible,negligible
composite,pi,gaussian,0.5,10,extra_trees,-0.2641507216449927,-0.14371410774811738,10,SMALL,negligible
composite,pi,gaussian,0.5,20,extra_trees,-0.15704478713944167,-0.05165446488564646,10,negligible,negligible
composite,pi,gaussian,0.5,40,extra_trees,-0.09844319368364686,-0.1222399494063191,10,negligible,negligible
composite,pi,gaussian,1.0,10,extra_trees,-0.30731314541123195,0.23146484821320373,10,SMALL,SMALL
composite,pi,gaussian,1.0,20,extra_trees,-0.2960840845344165,-0.2370885423693169,10,SMALL,SMALL
composite,pi,gaussian,1.0,40,extra_trees,-0.15062753114515168,0.40055518181300626,10,negligible,SMALL
composite,pi,gaussian,5.0,10,extra_trees,-0.3806655468270572,-0.6461159904973909,10,SMALL,MEDIUM
composite,pi,gaussian,5.0,20,extra_trees,-0.38872112077385707,-0.5299308909774214,10,SMALL,MEDIUM
composite,pi,gaussian,5.0,40,extra_trees,-0.33346889123746704,0.68889909133107,10,SMALL,MEDIUM
composite,qei,bias,0.05,10,extra_trees,0.04730803668204867,0.1472293442920767,10,negligible,negligible
composite,qei,bias,0.05,20,extra_trees,0.0389217488322128,0.14018140274062602,10,negligible,negligible
composite,qei,bias,0.05,40,extra_trees,0.057698357267206526,0.16157033945263538,10,negligible,negligible
composite,qei,bias,0.5,10,extra_trees,0.0056027656263569585,0.23673882519419964,10,negligible,SMALL
composite,qei,bias,0.5,20,extra_trees,0.09627195828452377,0.1053714400570506,10,negligible,negligible
composite,qei,bias,0.5,40,extra_trees,0.17899468180882003,0.39367951589798034,10,negligible,SMALL
composite,qei,bias,1.0,10,extra_trees,-0.10795142750054523,0.19109825673536787,10,negligible,negligible
composite,qei,bias,1.0,20,extra_trees,-0.09925384036727598,-0.5535280068595583,10,negligible,MEDIUM
composite,qei,bias,1.0,40,extra_trees,-0.025092928810193236,-0.16175324050695505,10,negligible,negligible
composite,qei,bias,5.0,10,extra_trees,0.011489870334851758,0.6416927452255214,10,negligible,MEDIUM
composite,qei,bias,5.0,20,extra_trees,-0.09548681582579495,0.48777529026543265,10,negligible,SMALL
composite,qei,bias,5.0,40,extra_trees,-0.07476498268525729,0.32606157519338963,10,negligible,SMALL
composite,qei,gaussian,0.05,10,extra_trees,0.13884179150393172,0.14881295972739314,10,negligible,negligible
composite,qei,gaussian,0.05,20,extra_trees,-0.10096444157375652,-0.09122094498982622,10,negligible,negligible
composite,qei,gaussian,0.05,40,extra_trees,0.02354409559884649,0.017808998688114117,10,negligible,negligible
composite,qei,gaussian,0.5,10,extra_trees,-0.05366605484533054,0.0058163152639818475,10,negligible,negligible
composite,qei,gaussian,0.5,20,extra_trees,0.07509907722901074,-0.11128027896378385,10,negligible,negligible
composite,qei,gaussian,0.5,40,extra_trees,0.24924321583606568,0.2526767797730395,10,SMALL,SMALL
composite,qei,gaussian,1.0,10,extra_trees,0.004573262350911914,0.1974078357524293,10,negligible,negligible
composite,qei,gaussian,1.0,20,extra_trees,0.006337206829882025,0.5937897725472143,10,negligible,MEDIUM
composite,qei,gaussian,1.0,40,extra_trees,0.11386992487873228,0.39776162347661614,10,negligible,SMALL
composite,qei,gaussian,5.0,10,extra_trees,-0.054757300510858045,-0.4657931321607538,10,negligible,SMALL
composite,qei,gaussian,5.0,20,extra_trees,0.02225593490632454,-0.5841054739072713,10,negligible,MEDIUM
composite,qei,gaussian,5.0,40,extra_trees,-0.052089701118572494,-0.9262359997521575,10,negligible,LARGE
composite,qnei,bias,0.05,10,extra_trees,-0.013546579706668463,0.10675086437089201,10,negligible,negligible
composite,qnei,bias,0.05,20,extra_trees,-0.22273073006397137,-0.11508299843978669,10,SMALL,negligible
composite,qnei,bias,0.05,40,extra_trees,-0.09329655240104515,0.00234231626866233,10,negligible,negligible
composite,qnei,bias,0.5,10,extra_trees,-0.03226029769640535,0.01060958601393661,10,negligible,negligible
composite,qnei,bias,0.5,20,extra_trees,-0.05211053011664903,0.022068126962324987,10,negligible,negligible
composite,qnei,bias,0.5,40,extra_trees,0.0309244614429333,0.06815825550224923,10,negligible,negligible
composite,qnei,bias,1.0,10,extra_trees,-0.023772394234611603,0.04157411077278382,10,negligible,negligible
composite,qnei,bias,1.0,20,extra_trees,-0.01101748348381633,-0.12041787993248564,10,negligible,negligible
composite,qnei,bias,1.0,40,extra_trees,-0.05447233172929538,0.06467594612926252,10,negligible,negligible
composite,qnei,bias,5.0,10,extra_trees,-0.2232693564861842,0.09787436440668848,10,SMALL,negligible
composite,qnei,bias,5.0,20,extra_trees,-0.24950180305494904,0.29770290105874536,10,SMALL,SMALL
composite,qnei,bias,5.0,40,extra_trees,-0.026821939767825227,1.7166405638276514,10,negligible,LARGE
composite,qnei,gaussian,0.05,10,extra_trees,-0.20966426006043,-0.21525514240995683,10,SMALL,SMALL
composite,qnei,gaussian,0.05,20,extra_trees,-0.15908953649713045,-0.16552284817152796,10,negligible,negligible
composite,qnei,gaussian,0.05,40,extra_trees,0.012346843750793786,0.013088261832025121,10,negligible,negligible
composite,qnei,gaussian,0.5,10,extra_trees,-0.07156690331531869,-0.19286255310347108,10,negligible,negligible
composite,qnei,gaussian,0.5,20,extra_trees,0.034909221073424784,-0.01053219171079041,10,negligible,negligible
composite,qnei,gaussian,0.5,40,extra_trees,0.016015606497795973,-0.06204282628516643,10,negligible,negligible
composite,qnei,gaussian,1.0,10,extra_trees,-0.08092802688659288,0.009758709309410496,10,negligible,negligible
composite,qnei,gaussian,1.0,20,extra_trees,-0.16269235462804205,-0.1845564913572977,10,negligible,negligible
composite,qnei,gaussian,1.0,40,extra_trees,0.0884131336871154,0.25182731645961953,10,negligible,SMALL
composite,qnei,gaussian,5.0,10,extra_trees,-0.2240422217230593,-0.6339737987753933,10,SMALL,MEDIUM
composite,qnei,gaussian,5.0,20,extra_trees,-0.14003736184182985,-0.7537694119079932,10,negligible,MEDIUM
composite,qnei,gaussian,5.0,40,extra_trees,0.005851936494944182,1.2392950575113086,10,negligible,LARGE
composite,qpi,bias,0.05,10,extra_trees,0.05143391123204212,0.15822728410591863,10,negligible,negligible
composite,qpi,bias,0.05,20,extra_trees,0.0346510855374996,0.14375973495434377,10,negligible,negligible
composite,qpi,bias,0.05,40,extra_trees,-0.08722357420796203,0.020434458800571507,10,negligible,negligible
composite,qpi,bias,0.5,10,extra_trees,-0.1321007499106181,0.048516334181127704,10,negligible,negligible
composite,qpi,bias,0.5,20,extra_trees,-0.18581235478746327,-0.23267318873627682,10,negligible,SMALL
composite,qpi,bias,0.5,40,extra_trees,-0.05997842537306755,0.2277268464503253,10,negligible,SMALL
composite,qpi,bias,1.0,10,extra_trees,-0.30198537349426496,-0.1183458517277823,10,SMALL,negligible
composite,qpi,bias,1.0,20,extra_trees,-0.2978358418781032,-0.40261351516128835,10,SMALL,SMALL
composite,qpi,bias,1.0,40,extra_trees,-0.1804886002946002,-0.05842484125219187,10,negligible,negligible
composite,qpi,bias,5.0,10,extra_trees,-0.42703551090187286,-1.1583815899698193,10,SMALL,LARGE
composite,qpi,bias,5.0,20,extra_trees,-0.35778268831985977,-0.4513484297197897,10,SMALL,SMALL
composite,qpi,bias,5.0,40,extra_trees,-0.2859337096852496,0.4877273190446488,10,SMALL,SMALL
composite,qpi,gaussian,0.05,10,extra_trees,0.002832724919728144,-0.002766419185599073,10,negligible,negligible
composite,qpi,gaussian,0.05,20,extra_trees,0.005716661430198289,0.018653052051860564,10,negligible,negligible
composite,qpi,gaussian,0.05,40,extra_trees,-0.16940072036193576,-0.17127023819678963,10,negligible,negligible
composite,qpi,gaussian,0.5,10,extra_trees,-0.12827311149589088,-0.2312606037635454,10,negligible,SMALL
composite,qpi,gaussian,0.5,20,extra_trees,-0.1508491728982622,-0.048967305225366596,10,negligible,negligible
composite,qpi,gaussian,0.5,40,extra_trees,-0.16965276051505015,-0.22777493810293556,10,negligible,SMALL
composite,qpi,gaussian,1.0,10,extra_trees,-0.21951305687862474,-0.21802750140398067,10,SMALL,SMALL
composite,qpi,gaussian,1.0,20,extra_trees,-0.23957835229828672,0.4209757766982562,10,SMALL,SMALL
composite,qpi,gaussian,1.0,40,extra_trees,-0.2424550762970305,-0.6344102793265268,10,SMALL,MEDIUM
composite,qpi,gaussian,5.0,10,extra_trees,-0.20286543463799755,-0.888085819412887,10,SMALL,LARGE
composite,qpi,gaussian,5.0,20,extra_trees,-0.26044112257190066,0.060536302007470885,10,SMALL,negligible
composite,qpi,gaussian,5.0,40,extra_trees,-0.27373683049286945,0.5211748475544749,10,SMALL,MEDIUM
composite,qucb,bias,0.05,10,extra_trees,0.021670792430248623,0.12897401213108184,10,negligible,negligible
composite,qucb,bias,0.05,20,extra_trees,-0.04150588265048713,0.08381400263651134,10,negligible,negligible
composite,qucb,bias,0.05,40,extra_trees,-0.041600662277648456,0.07691371781300387,10,negligible,negligible
composite,qucb,bias,0.5,10,extra_trees,-0.305009922363023,-0.16110340346541902,10,SMALL,negligible
composite,qucb,bias,0.5,20,extra_trees,-0.163139893934728,0.08773073927849513,10,negligible,negligible
composite,qucb,bias,0.5,40,extra_trees,-0.14969003115697682,-6.722984729000964e-05,10,negligible,negligible
composite,qucb,bias,1.0,10,extra_trees,-0.3952356512172768,-0.11649006530933477,10,SMALL,negligible
composite,qucb,bias,1.0,20,extra_trees,-0.32056282051177765,0.16246845822774195,10,SMALL,negligible
composite,qucb,bias,1.0,40,extra_trees,-0.27049763964319007,0.030191307082487132,10,SMALL,negligible
composite,qucb,bias,5.0,10,extra_trees,-0.5904170787803571,1.6125320205806817,10,MEDIUM,LARGE
composite,qucb,bias,5.0,20,extra_trees,-0.40620439898953203,0.05666635441336389,10,SMALL,negligible
composite,qucb,bias,5.0,40,extra_trees,-0.3464673697093263,-0.20645683139145615,10,SMALL,SMALL
composite,qucb,gaussian,0.05,10,extra_trees,-0.020147947127139496,-0.02522660581104812,10,negligible,negligible
composite,qucb,gaussian,0.05,20,extra_trees,-0.03357759041635886,-0.03640095316985209,10,negligible,negligible
composite,qucb,gaussian,0.05,40,extra_trees,-0.030268602934713982,-0.040902205608913854,10,negligible,negligible
composite,qucb,gaussian,0.5,10,extra_trees,-0.2867934831425979,-0.34897865646704246,10,SMALL,SMALL
composite,qucb,gaussian,0.5,20,extra_trees,-0.3039943167434234,-0.35332573098231307,10,SMALL,SMALL
composite,qucb,gaussian,0.5,40,extra_trees,-0.2509656381503515,-0.5255227455675158,10,SMALL,MEDIUM
composite,qucb,gaussian,1.0,10,extra_trees,-0.5022111468161163,-0.42146537882684226,10,MEDIUM,SMALL
composite,qucb,gaussian,1.0,20,extra_trees,-0.32320738691634776,-0.3134830748048951,10,SMALL,SMALL
composite,qucb,gaussian,1.0,40,extra_trees,-0.21841214146757357,-0.3648026796557118,10,SMALL,SMALL
composite,qucb,gaussian,5.0,10,extra_trees,-0.6484439317157675,-0.4564391897788117,10,MEDIUM,SMALL
composite,qucb,gaussian,5.0,20,extra_trees,-0.5305405544470941,0.38931857321877333,10,MEDIUM,SMALL
composite,qucb,gaussian,5.0,40,extra_trees,-0.4401820061939419,-0.9677977853720613,10,SMALL,LARGE
composite,ucb,bias,0.05,10,extra_trees,-0.04082209071746614,0.08844073426928607,10,negligible,negligible
composite,ucb,bias,0.05,20,extra_trees,-0.13353493443651113,-0.01488145380401977,10,negligible,negligible
composite,ucb,bias,0.05,40,extra_trees,-0.015773351762623462,0.13241577583590683,10,negligible,negligible
composite,ucb,bias,0.5,10,extra_trees,-0.3016148977154221,0.01837327383716874,10,SMALL,negligible
composite,ucb,bias,0.5,20,extra_trees,-0.2556538303901387,-0.09613319380479506,10,SMALL,negligible
composite,ucb,bias,0.5,40,extra_trees,-0.12551747339992425,-0.030625502671357215,10,negligible,negligible
composite,ucb,bias,1.0,10,extra_trees,-0.4357349015288712,-0.47722647889005115,10,SMALL,SMALL
composite,ucb,bias,1.0,20,extra_trees,-0.44572915534510826,-0.2929813673477738,10,SMALL,SMALL
composite,ucb,bias,1.0,40,extra_trees,-0.24417028678695762,-0.7805166347418219,10,SMALL,MEDIUM
composite,ucb,bias,5.0,10,extra_trees,-0.5860579245347666,-0.17997597992173786,10,MEDIUM,negligible
composite,ucb,bias,5.0,20,extra_trees,-0.43545576679835457,1.0665024166214712,10,SMALL,LARGE
composite,ucb,bias,5.0,40,extra_trees,-0.42577819013744406,-0.7795870255717471,10,SMALL,MEDIUM
composite,ucb,gaussian,0.05,10,extra_trees,-0.005720129594173365,-0.028348833761822553,10,negligible,negligible
composite,ucb,gaussian,0.05,20,extra_trees,-0.008291503859061775,0.0034147457786793834,10,negligible,negligible
composite,ucb,gaussian,0.05,40,extra_trees,-0.04209072523770737,-0.031144493648499486,10,negligible,negligible
composite,ucb,gaussian,0.5,10,extra_trees,-0.3748942461288067,-0.5537858242806967,10,SMALL,MEDIUM
composite,ucb,gaussian,0.5,20,extra_trees,-0.2648889572757274,-0.1850547865107237,10,SMALL,negligible
composite,ucb,gaussian,0.5,40,extra_trees,-0.17292578666848504,0.0817564158829208,10,negligible,negligible
composite,ucb,gaussian,1.0,10,extra_trees,-0.49669736727724917,-0.3301747602658821,10,SMALL,SMALL
composite,ucb,gaussian,1.0,20,extra_trees,-0.2937399616851646,-0.2855585020248995,10,SMALL,SMALL
composite,ucb,gaussian,1.0,40,extra_trees,-0.25004027841478277,-0.009205862647898563,10,SMALL,negligible
composite,ucb,gaussian,5.0,10,extra_trees,-0.5591410351188592,-2.0094866307055312,10,MEDIUM,LARGE
composite,ucb,gaussian,5.0,20,extra_trees,-0.6662720665173612,0.1987663890377604,10,MEDIUM,negligible
composite,ucb,gaussian,5.0,40,extra_trees,-0.5240907922823995,-0.44086001009332865,10,MEDIUM,SMALL
multi_objective,qehvi,bias,0.05,10,extra_trees,0.0013962705549705949,0.24044689856614038,10,negligible,SMALL
multi_objective,qehvi,bias,0.05,20,extra_trees,-0.0018738421653282725,0.20996594362506468,10,negligible,SMALL
multi_objective,qehvi,bias,0.05,40,extra_trees,0.002539813347404646,0.19014183485235375,10,negligible,negligible
multi_objective,qehvi,bias,0.5,10,extra_trees,-0.012449759574141506,0.7107848841598596,10,negligible,MEDIUM
multi_objective,qehvi,bias,0.5,20,extra_trees,-0.010586636795721877,0.6610416793155366,10,negligible,MEDIUM
multi_objective,qehvi,bias,0.5,40,extra_trees,0.0007245282006324865,0.5457274610000205,10,negligible,MEDIUM
multi_objective,qehvi,bias,1.0,10,extra_trees,-0.023742610879632815,0.976611463774252,10,negligible,LARGE
multi_objective,qehvi,bias,1.0,20,extra_trees,-0.011210297761605299,0.9323270247525134,10,negligible,LARGE
multi_objective,qehvi,bias,1.0,40,extra_trees,0.00035686742731807884,0.873935174033623,10,negligible,LARGE
multi_objective,qehvi,bias,5.0,10,extra_trees,-0.08205881981874509,1.0411298783070975,10,negligible,LARGE
multi_objective,qehvi,bias,5.0,20,extra_trees,-0.011528000881933963,1.2933689028808661,10,negligible,LARGE
multi_objective,qehvi,bias,5.0,40,extra_trees,0.0010531991219405804,1.0575466925419226,10,negligible,LARGE
multi_objective,qehvi,gaussian,0.05,10,extra_trees,-0.0018583897079204343,0.0569733503439107,10,negligible,negligible
multi_objective,qehvi,gaussian,0.05,20,extra_trees,0.0018894830856900793,0.05176280242072114,10,negligible,negligible
multi_objective,qehvi,gaussian,0.05,40,extra_trees,0.00033242435420279145,0.03206170441446617,10,negligible,negligible
multi_objective,qehvi,gaussian,0.5,10,extra_trees,-0.03140783544108677,0.5658618123098911,10,negligible,MEDIUM
multi_objective,qehvi,gaussian,0.5,20,extra_trees,-0.01146724007900972,0.607068242368266,10,negligible,MEDIUM
multi_objective,qehvi,gaussian,0.5,40,extra_trees,0.0004977086409310057,0.42572134209287205,10,negligible,SMALL
multi_objective,qehvi,gaussian,1.0,10,extra_trees,-0.019902074874212253,0.8805629140873138,10,negligible,LARGE
multi_objective,qehvi,gaussian,1.0,20,extra_trees,-0.009575701486016658,0.8840375149039634,10,negligible,LARGE
multi_objective,qehvi,gaussian,1.0,40,extra_trees,0.00034642582885448616,0.7372386412956949,10,negligible,MEDIUM
multi_objective,qehvi,gaussian,5.0,10,extra_trees,-0.08031517588986607,1.3914857800973233,10,negligible,LARGE
multi_objective,qehvi,gaussian,5.0,20,extra_trees,-0.011431884692776449,1.0641929883545043,10,negligible,LARGE
multi_objective,qehvi,gaussian,5.0,40,extra_trees,0.00374292398290589,1.0596803513876492,10,negligible,LARGE
multi_objective,qnehvi,bias,0.05,10,extra_trees,0.0,0.17550208056802752,10,negligible,negligible
multi_objective,qnehvi,bias,0.05,20,extra_trees,0.0,0.16986538246995736,10,negligible,negligible
multi_objective,qnehvi,bias,0.05,40,extra_trees,0.0,0.03844732079795639,10,negligible,negligible
multi_objective,qnehvi,bias,0.5,10,extra_trees,0.0,0.5364520961199843,10,negligible,MEDIUM
multi_objective,qnehvi,bias,0.5,20,extra_trees,0.0,0.4703474744388975,10,negligible,SMALL
multi_objective,qnehvi,bias,0.5,40,extra_trees,0.0,0.29116441887487904,10,negligible,SMALL
multi_objective,qnehvi,bias,1.0,10,extra_trees,0.0,0.8449039178053867,10,negligible,LARGE
multi_objective,qnehvi,bias,1.0,20,extra_trees,0.0,0.7922119011158655,10,negligible,MEDIUM
multi_objective,qnehvi,bias,1.0,40,extra_trees,0.0,0.5776145188135056,10,negligible,MEDIUM
multi_objective,qnehvi,bias,5.0,10,extra_trees,0.0,1.0997038141428377,10,negligible,LARGE
multi_objective,qnehvi,bias,5.0,20,extra_trees,0.0,1.1364980177842474,10,negligible,LARGE
multi_objective,qnehvi,bias,5.0,40,extra_trees,0.0,0.6952734822790161,10,negligible,MEDIUM
multi_objective,qnehvi,gaussian,0.05,10,extra_trees,0.0,0.013245369316926785,10,negligible,negligible
multi_objective,qnehvi,gaussian,0.05,20,extra_trees,0.0,-0.006607844494660039,10,negligible,negligible
multi_objective,qnehvi,gaussian,0.05,40,extra_trees,0.0,0.003404002343582675,10,negligible,negligible
multi_objective,qnehvi,gaussian,0.5,10,extra_trees,0.0,0.37992511357821723,10,negligible,SMALL
multi_objective,qnehvi,gaussian,0.5,20,extra_trees,0.0,0.38487889789083324,10,negligible,SMALL
multi_objective,qnehvi,gaussian,0.5,40,extra_trees,0.0,0.1888913956825171,10,negligible,negligible
multi_objective,qnehvi,gaussian,1.0,10,extra_trees,0.0,0.7574838495447412,10,negligible,MEDIUM
multi_objective,qnehvi,gaussian,1.0,20,extra_trees,0.0,0.7890178255693869,10,negligible,MEDIUM
multi_objective,qnehvi,gaussian,1.0,40,extra_trees,0.0,0.379466461323615,10,negligible,SMALL
multi_objective,qnehvi,gaussian,5.0,10,extra_trees,0.0,1.245874478516564,10,negligible,LARGE
multi_objective,qnehvi,gaussian,5.0,20,extra_trees,0.0,1.0742047863470559,10,negligible,LARGE
multi_objective,qnehvi,gaussian,5.0,40,extra_trees,0.0,0.9675410919428714,10,negligible,LARGE
